Task,Time (s)
Load Data,0.1824350357055664
Process Length of Stay,0.0271451473236084
Process Death,0.0014340877532958984
Process Ethnicity,0.0369563102722168
Process Religion,0.0014448165893554688
Process Admissions,0.011281013488769531
Process ICD Codes,1.1848509311676025
Process Patients,0.01993703842163086
Process Age,0.03128409385681152
Process ICU,0.7841930389404297
Preprocess Data,0.2792646884918213
Model Training,30.705135822296143
Evaluation Metrics,0.0011548995971679688
